{"cameraMode":{"drawMode":0,"name":"Shaded","section":"Shading Mode"},"sceneLighting":true,"audioPlay":false,"sceneViewState":{"m_AlwaysRefresh":false,"showFog":true,"showSkybox":true,"showFlares":true,"showImageEffects":true,"showParticleSystems":true,"showVisualEffectGraphs":true,"m_FxEnabled":true},"in2DMode":false,"pivot":{"x":-2.1243245601654054,"y":-17.80411720275879,"z":13.716619491577149},"rotation":{"x":-0.40390750765800478,"y":0.010699992999434471,"z":-0.004758521914482117,"w":-0.914760172367096},"size":18.747896194458009,"orthographic":false}